{
    "roc_auc_score": 0.8642432879721015,
    "accuracy_score": 0.869,
    "precision_score": 0.7655677655677655,
    "recall_score": 0.5135135135135135,
    "f1_score": 0.6147058823529412
}