{
    "roc_auc_score": 0.849694070033053,
    "accuracy_score": 0.8625,
    "precision_score": 0.7291666666666666,
    "recall_score": 0.515970515970516,
    "f1_score": 0.60431654676259
}