{
    "model": "LGBMClassifier",
    "params": {
        "learning_rate": 0.07536878912888248,
        "num_leaves": 82,
        "max_depth": 5,
        "n_estimators": 652,
        "min_child_samples": 59,
        "min_child_weight": 0.004579615133130554,
        "subsample": 0.7999212004193511,
        "colsample_bytree": 0.751933847977377,
        "reg_lambda": 84.97107096585827,
        "reg_alpha": 0.0024935323644191703,
        "scale_pos_weight": 3.0742724365966536,
        "early_stopping_rounds": 73
    },
    "score": 0.8670281515154434,
    "timestamp": "2025-12-31T21:17:14.146386"
}