{
    "roc_auc_score": 0.8570882130204165,
    "accuracy_score": 0.865,
    "precision_score": 0.7991266375545851,
    "recall_score": 0.44963144963144963,
    "f1_score": 0.5754716981132075
}