{
    "roc_auc_score": 0.8503202740490876,
    "accuracy_score": 0.8585,
    "precision_score": 0.7296296296296296,
    "recall_score": 0.48402948402948404,
    "f1_score": 0.5819793205317577
}