{
    "model": "RandomForestClassifier",
    "params": {
        "n_estimators": 774,
        "max_depth": 9,
        "min_samples_split": 12,
        "min_samples_leaf": 5,
        "max_features": 0.42232499813959085,
        "class_weight": null
    },
    "score": 0.8657698567865089,
    "timestamp": "2026-02-22T22:15:29.705650"
}