{
    "model": "RandomForestClassifier",
    "params": {
        "n_estimators": 1339,
        "max_depth": 9,
        "min_samples_split": 23,
        "min_samples_leaf": 6,
        "max_features": 0.48726312627554236,
        "class_weight": null
    },
    "score": 0.8657626335102233,
    "timestamp": "2025-12-31T00:56:59.693614"
}