{
    "roc_auc_score": 0.8530286835371581,
    "accuracy_score": 0.8665,
    "precision_score": 0.7941176470588235,
    "recall_score": 0.4643734643734644,
    "f1_score": 0.586046511627907
}