{
    "model": "XGBClassifier",
    "params": {
        "learning_rate": 0.028914701172905902,
        "max_depth": 5,
        "n_estimators": 2941,
        "reg_lambda": 0.9973732870012123,
        "reg_alpha": 0.003272456658044637,
        "gamma": 4.991390367590288,
        "min_child_weight": 0.6837286170194612,
        "subsample": 0.6002134766115784,
        "colsample_bytree": 0.6009784065217589,
        "scale_pos_weight": 0.6746868968434129,
        "early_stopping_rounds": 82
    },
    "score": 0.8684328379770975,
    "timestamp": "2025-12-31T18:02:34.632275"
}